16S_Rev_bc1082	GCATCGTGCTCTGTGTGTCACRGYTACCTTGTTACGACTT
16S_Rev_bc1083	GCATCTGCGTGTATGTCATATRGYTACCTTGTTACGACTT
16S_Rev_bc1089	GCATCACGAGATACTCGCGCGRGYTACCTTGTTACGACTT
16S_Rev_bc1096	GCATCCTGTGTAGAGAGCACARGYTACCTTGTTACGACTT
16S_Rev_bc1098	GCATCTGATGTGACACTGCGCRGYTACCTTGTTACGACTT
16S_Rev_bc1100	GCATCACTACTGAGACATAGARGYTACCTTGTTACGACTT
16S_Rev_bc1101	GCATCTATATCGCGTCGCTATRGYTACCTTGTTACGACTT
16S_Rev_bc1105	GCATCGCGTACTGCGACTGTGRGYTACCTTGTTACGACTT
16S_Rev_bc1107	GCATCATATATGCACGCTCTARGYTACCTTGTTACGACTT
16S_Rev_bc1110	GCATCCGCTGTATACACGCTCRGYTACCTTGTTACGACTT
16S_Rev_bc1112	GCATCAGAGACTGTAGCGCACRGYTACCTTGTTACGACTT
16S_Rev_bc1033	GCATCAGAGACTGCGACGAGARGYTACCTTGTTACGACTT
16S_Rev_bc1035	GCATCCAGAGAGTGCGCGCGCRGYTACCTTGTTACGACTT
16S_Rev_bc1044	GCATCCGCGCGTCGTCTCAGCRGYTACCTTGTTACGACTT
16S_Rev_bc1045	GCATCAGAGAGTACGATATGTRGYTACCTTGTTACGACTT
16S_Rev_bc1054	GCATCTCTGTAGTGCGTGCGCRGYTACCTTGTTACGACTT
16S_Rev_bc1056	GCATCATGTGCGTGTGTGTCTRGYTACCTTGTTACGACTT
16S_Rev_bc1057	GCATCCTCTCAGACGCTCGTCRGYTACCTTGTTACGACTT
16S_Rev_bc1059	GCATCTATCTCAGTGCGTGTGRGYTACCTTGTTACGACTT
16S_Rev_bc1060	GCATCTGTGTCTATACTCATCRGYTACCTTGTTACGACTT
16S_Rev_bc1062	GCATCTATAGACTATCTGAGARGYTACCTTGTTACGACTT
16S_Rev_bc1065	GCATCGTATGTGAGAGAGCGCRGYTACCTTGTTACGACTT
16S_Rev_bc1075	GCATCCACGCGACGCTCTCTARGYTACCTTGTTACGACTT
16S_Rev_bc1076	GCATCGAGAGCGCGAGTGCACRGYTACCTTGTTACGACTT
16S_For_bc1005	GCATCCACTCGACTCTCGCGTAGRGTTYGATYMTGGCTCAG
16S_For_bc1007	GCATCTCTGTATCTCTATGTGAGRGTTYGATYMTGGCTCAG
16S_For_bc1008	GCATCACAGTCGAGCGCTGCGAGRGTTYGATYMTGGCTCAG
16S_For_bc1012	GCATCACACTAGATCGCGTGTAGRGTTYGATYMTGGCTCAG
16S_For_bc1015	GCATCCGCATGACACGTGTGTAGRGTTYGATYMTGGCTCAG
16S_For_bc1020	GCATCCACGACACGACGATGTAGRGTTYGATYMTGGCTCAG
16S_For_bc1022	GCATCCACTCACGTGTGATATAGRGTTYGATYMTGGCTCAG
16S_For_bc1024	GCATCCATGTAGAGCAGAGAGAGRGTTYGATYMTGGCTCAG